
{
	"ai" : 
	{
		"g" : 10.0,
		"s" : 200.0
	},
	"ci" : 
	{
		"c" : null
	},
	"mg" : 
	{
		"e" : 
		{
			"X1" : 247.3381347656250,
			"X2" : 47.3381347656250,
			"Y1" : 4.185485839843750,
			"Y2" : 204.1854858398438
		},
		"g" : null
	}
}
